Cap san Lorenzo	Cap San Lorenzo
cce	CCE_121W_34N
CCE2	CCE2_121W_34N
cce2	CCE2_121W_34N
CHEECA_80W_25N	Cheeca_80W_25N
cheeca_80W_25N	Cheeca_80W_25N
CHUUKK1_152E_7N	ChuukK1_152E_7N
COASTALMS_89W_30N	CoastalMS_89W_30N
coastalms	CoastalMS_89W_30N
CRESCENT_64W_32N	Crescent_64W_32N
CRIMP1_158W_21N	Crimp1_158W_21N
CRIMP2_158W_21N	Crimp2_158W_21N
dabob	Dabob_122W_48N
Downeast_Institute_Small_Vessel	Downeast Institute Small Vessel
EXPLORATORIUM	Exploratorium
HOG_REEF_64W_32N	HogReef_64W_32N
Hog_Reef_64W_32N	HogReef_64W_32N
hogreef	HogReef_64W_32N
GAKAO	GAKOA_149W_60N
GRAYSRF_81W_31N	GraysReef_81W_31N
GraysRf	GraysReef_81W_31N
GraysRf_81W_31N	GraysReef_81W_31N
FGWSmith	F.G. Walton Smith
GOSars	G.O. Sars
Henry Bigelow	Henry B. Bigelow
Heron Island Mooring	Heron Island
ICELAND_12W_68N	Iceland_12W_68N
ICELAND_13W_68N	Iceland_13W_68N
kaneohe	Kaneohe_158W_21N
Kaneohe	Kaneohe_158W_21N
KANEOHE_158W_21N	Kaneohe_158W_21N
KEO_145E_32N_Jun2014_Aug2015	KEO_145E_32N
kilonalu	KiloNalu_158W_21N
KILO_NALU_158W_21N	KiloNalu_158W_21N
Kilo_Nalu_158W_21N	KiloNalu_158W_21N
KODIAK	Kodiak_152W_21N
KODIAK_152W_21N	Kodiak_152W_21N
LAPUSH_125W_48N	LaPush_125W_48N
LA_PARGUERA_67W_18N	LaParguera_67W_18N
La_Parguera67W_18N	LaParguera_67W_18N
La_Parguera_67W_18N	LaParguera_67W_18N
MV Benguela Stream	Benguela Stream
M2	M2_164W_57N
MN COLIBRI	Colibri
NH	NH_70W_43N
Newrest - Art & Fenetres	Newrest - Art and Fenetres
NukaArctica	Nuka Arctica
Nuka Artica	Nuka Arctica
Papa_145W_50N_Jun2009_Mar2010	PAPA_145W_50N
Papa_145W_50N_Jun2014_Jun2015	PAPA_145W_50N
PIRATA 8N, 38W	PIRATA_8N_38W
Polarsterns	Polarstern
S. A. Agulhas II	S.A. Agulhas II
SOFS	SOFS_142E_46S
STRATUS	STRATUS_85W_20S
Soyo-Maru	Soyo Maru
R/V Aegaeo	Aegaeo
R/V Xue Long	Xue Long
R/V Xuelong	Xue Long
UNH Gulf Challenger	Gulf Challenger
USCGC Healy	Healy
WA	WA_125W_47N
Wakataka-Maru	Wakataka Maru
WHOTS	WHOTS_158W_23N
